<?xml version="1.0" encoding="UTF-8"?>
<project-private xmlns="http://www.netbeans.org/ns/project-private/1">
    <editor-bookmarks xmlns="http://www.netbeans.org/ns/editor-bookmarks/2" lastBookmarkId="0"/>
    <open-files xmlns="http://www.netbeans.org/ns/projectui-open-files/2">
        <group>
            <file>file:/C:/Users/XcmoiZoe/Documents/NetBeansProjects/finaldec4discrete/src/finaldec4discrete/index.java</file>
            <file>file:/C:/Users/XcmoiZoe/Documents/NetBeansProjects/finaldec4discrete/src/finaldec4discrete/Pascal.java</file>
            <file>file:/C:/Users/XcmoiZoe/Documents/NetBeansProjects/finaldec4discrete/src/finaldec4discrete/probabilty.java</file>
            <file>file:/C:/Users/XcmoiZoe/Documents/NetBeansProjects/finaldec4discrete/src/finaldec4discrete/Combination.java</file>
        </group>
    </open-files>
</project-private>
